<?xml version="1.0" encoding="UTF-8"?>
<metadata xmlns:xsi="http://www.w3.org/2001/XMLSchema-instance"
          xsi:noNamespaceSchemaLocation="http://www.fgdc.gov/metadata/fgdc-std-001-1998.xsd">
   <idinfo>
      <citation>
         <citeinfo>
            <origin>Earth Data Analysis Center</origin>
            <pubdate>20090323</pubdate>
            <title>Public Airports</title>
            <edition>First</edition>
            <geoform>vector digital data</geoform>
            <pubinfo>
               <pubplace>Albuquerque, NM</pubplace>
               <publish>Earth Data Analysis Center</publish>
            </pubinfo>
            <onlink>http://rgis.unm.edu</onlink>
            <onlink>https://gstore.unm.edu/apps/rgisarchive/datasets/7387537d-dff6-48d1-9004-4f089f48dea1/services/ogc/wms?SERVICE=wms&amp;REQUEST=GetCapabilities&amp;VERSION=1.1.1</onlink>
            <onlink>https://gstore.unm.edu/apps/rgisarchive/datasets/7387537d-dff6-48d1-9004-4f089f48dea1/services/ogc/wfs?SERVICE=wfs&amp;REQUEST=GetCapabilities&amp;VERSION=1.0.0</onlink>
            <onlink>https://gstore.unm.edu/apps/rgisarchive/datasets/7387537d-dff6-48d1-9004-4f089f48dea1/tra2shp.derived.shp</onlink>
            <onlink>https://gstore.unm.edu/apps/rgisarchive/datasets/7387537d-dff6-48d1-9004-4f089f48dea1/tra2shp.original.zip</onlink>
            <onlink>https://gstore.unm.edu/apps/rgisarchive/datasets/7387537d-dff6-48d1-9004-4f089f48dea1/tra2shp.derived.gml</onlink>
            <onlink>https://gstore.unm.edu/apps/rgisarchive/datasets/7387537d-dff6-48d1-9004-4f089f48dea1/tra2shp.derived.kml</onlink>
            <onlink>https://gstore.unm.edu/apps/rgisarchive/datasets/7387537d-dff6-48d1-9004-4f089f48dea1/tra2shp.derived.geojson</onlink>
            <onlink>https://gstore.unm.edu/apps/rgisarchive/datasets/7387537d-dff6-48d1-9004-4f089f48dea1/tra2shp.derived.json</onlink>
            <onlink>https://gstore.unm.edu/apps/rgisarchive/datasets/7387537d-dff6-48d1-9004-4f089f48dea1/tra2shp.derived.csv</onlink>
            <onlink>https://gstore.unm.edu/apps/rgisarchive/datasets/7387537d-dff6-48d1-9004-4f089f48dea1/tra2shp.derived.xls</onlink>
            <onlink>https://gstore.unm.edu/apps/rgisarchive/datasets/7387537d-dff6-48d1-9004-4f089f48dea1/metadata/FGDC-STD-001-1998.xml</onlink>
            <onlink>https://gstore.unm.edu/apps/rgisarchive/datasets/7387537d-dff6-48d1-9004-4f089f48dea1/metadata/FGDC-STD-001-1998.html</onlink>
            <onlink>https://gstore.unm.edu/apps/rgisarchive/datasets/7387537d-dff6-48d1-9004-4f089f48dea1/metadata/ISO-19115:2003.xml</onlink>
            <onlink>https://gstore.unm.edu/apps/rgisarchive/datasets/7387537d-dff6-48d1-9004-4f089f48dea1/metadata/ISO-19115:2003.html</onlink>
            <onlink>https://gstore.unm.edu/apps/rgisarchive/datasets/7387537d-dff6-48d1-9004-4f089f48dea1/metadata/ISO-19119:WMS.xml</onlink>
            <onlink>https://gstore.unm.edu/apps/rgisarchive/datasets/7387537d-dff6-48d1-9004-4f089f48dea1/metadata/ISO-19119:WFS.xml</onlink>
            <onlink>https://gstore.unm.edu/apps/rgisarchive/datasets/7387537d-dff6-48d1-9004-4f089f48dea1/metadata/ISO-19110.xml</onlink>
         </citeinfo>
      </citation>
      <descript>
         <abstract>This data set is a vector point digital data structure that  contains the locations of General Public Use Airports in the State of New Mexico. It only contains those airports that the New Mexico State Highway and Transportation Department inspects. The point represents the center of the land owned by the airport.</abstract>
         <purpose>To show the general locations of public airports in the state of New Mexico.</purpose>
      </descript>
      <timeperd>
         <timeinfo>
            <sngdate>
               <caldate>19980519</caldate>
            </sngdate>
         </timeinfo>
         <current>publication date</current>
      </timeperd>
      <status>
         <progress>Complete</progress>
         <update>As needed</update>
      </status>
      <spdom>
         <bounding>
            <westbc>-108.867904663086</westbc>
            <eastbc>-103.079795837402</eastbc>
            <northbc>36.9278106689453</northbc>
            <southbc>31.8811054229736</southbc>
         </bounding>
      </spdom>
      <keywords>
         <theme>
            <themekt>ISO 19115 Topic Categories</themekt>
            <themekey>transportation</themekey>
         </theme>
         <theme>
            <themekt>none</themekt>
            <themekey>Airports</themekey>
            <themekey>Aviation</themekey>
            <themekey>NM airports</themekey>
         </theme>
         <place>
            <placekt>Spatial Reference System Identifiers</placekt>
            <placekey>EPSG:4269</placekey>
            <placekey>EPSG:7019</placekey>
         </place>
         <place>
            <placekt>none</placekt>
            <placekey>New Mexico</placekey>
         </place>
      </keywords>
      <accconst>None</accconst>
      <useconst>Resource Geographic Information System (RGIS) Program assumes no liability for misuse of the data.  Data should be used at the scale for which they were intended.  No warranty, expressed, or implied, is made by Earth Data Analysis Center (EDAC) regarding the utility of the data on any other system, nor shall the act of distribution constitute such warranty.</useconst>
      <ptcontac>
         <cntinfo>
            <cntorgp>
               <cntorg>Earth Data Analysis Center</cntorg>
            </cntorgp>
            <cntpos>RGIS Clearinghouse Manager</cntpos>
            <cntaddr>
               <addrtype>mailing address</addrtype>
               <address>MSC01 1110</address>
               <address>1 University of New Mexico</address>
               <city>Albuquerque</city>
               <state>New Mexico</state>
               <postal>87131-0001</postal>
               <country>USA</country>
            </cntaddr>
            <cntvoice>505-277-3622</cntvoice>
            <cntfax>505-277-3614</cntfax>
            <cntemail>clearinghouse@edac.unm.edu</cntemail>
            <hours>8AM - 5PM Mountain Time Zone</hours>
         </cntinfo>
      </ptcontac>
      <native>Microsoft Windows 2000 Version 5.2 (Build 3790) Service Pack 2; ESRI ArcCatalog 9.3.1.1850</native>
   </idinfo>
   <dataqual>
      <attracc>
         <attraccr>Unknown</attraccr>
      </attracc>
      <logic>Point features present. Tolerances were chosen to prevent errors in labels, intersections, tics, overshoots, and undershoots. Tests were performed to detect these types of errors and necessary corrections were made.</logic>
      <complete>Data completeness reflects the content of the source file.</complete>
      <posacc>
         <horizpa>
            <horizpar>The root-mean square error is generally .003 map units or less.</horizpar>
         </horizpa>
      </posacc>
      <lineage>
         <procstep>
            <procdesc>The longitude and latitude locations were obtained from the Aeronautical Chart of New Mexico 1997-1998. They were used to generate a digital file of points using  ArcView.  The resulting shapefile was attributed in 	ARCVIEW from the same chart and then converted to an ARC/INFO coverage using the shapearc command. Visual inspection of point location against a backdrop of major roads was conducted to verify location accuracy.</procdesc>
            <procdate>19980519</procdate>
            <proccont>
               <cntinfo>
                  <cntorgp>
                     <cntorg>Earth Data Analysis Center</cntorg>
                  </cntorgp>
                  <cntpos>RGIS Clearinghouse Manager</cntpos>
                  <cntaddr>
                     <addrtype>mailing address</addrtype>
                     <address>MSC01 1110</address>
                     <address>1 University of New Mexico</address>
                     <city>Albuquerque</city>
                     <state>New Mexico</state>
                     <postal>87131-0001</postal>
                     <country>USA</country>
                  </cntaddr>
                  <cntvoice>505-277-3622</cntvoice>
                  <cntfax>505-277-3614</cntfax>
                  <cntemail>clearinghouse@edac.unm.edu</cntemail>
                  <hours>8AM - 5PM Mountain Time Zone</hours>
               </cntinfo>
            </proccont>
         </procstep>
      </lineage>
   </dataqual>
   <spdoinfo>
      <indspref>Rio Arriba County (35039)</indspref>
      <direct>Vector</direct>
      <ptvctinf>
         <sdtsterm>
            <sdtstype>Entity point</sdtstype>
            <ptvctcnt>56</ptvctcnt>
         </sdtsterm>
      </ptvctinf>
   </spdoinfo>
   <spref>
      <horizsys>
         <geograph>
            <latres>0.00000001</latres>
            <longres>0.00000001</longres>
            <geogunit>Decimal degrees</geogunit>
         </geograph>
         <geodetic>
                <horizdn>North American Datum of 1983</horizdn>
                <ellips>Geodetic Reference System 80</ellips>
                <semiaxis>6378137.000000</semiaxis>
                <denflat>298.257222</denflat>
            </geodetic>
      </horizsys>
   </spref>
   <eainfo>
      <detailed>
         <enttyp>
            <enttypl>tra0002</enttypl>
            <enttypd>arc attribute</enttypd>
            <enttypds>ESRI</enttypds>
         </enttyp>
         <attr>
            <attrlabl>FID</attrlabl>
            <attrdef>Internal feature number.</attrdef>
            <attrdefs>ESRI</attrdefs>
            <attrdomv>
               <udom>Sequential unique whole numbers that are automatically generated.</udom>
            </attrdomv>
         </attr>
         <attr>
            <attrlabl>Shape</attrlabl>
            <attrdef>Feature geometry.</attrdef>
            <attrdefs>ESRI</attrdefs>
            <attrdomv>
               <udom>Coordinates defining the features.</udom>
            </attrdomv>
         </attr>
         <attr>
            <attrlabl>TRA0002_</attrlabl>
            <attrdef>Unique Identifier</attrdef>
            <attrdefs>ESRI</attrdefs>
            <attrdomv>
               <udom>Unique Identifier</udom>
            </attrdomv>
         </attr>
         <attr>
            <attrlabl>TRA0002_ID</attrlabl>
            <attrdef>User defined ID</attrdef>
            <attrdefs>ESRI</attrdefs>
            <attrdomv>
               <udom>User defined ID</udom>
            </attrdomv>
         </attr>
         <attr>
            <attrlabl>NAME</attrlabl>
            <attrdef>Name of airport</attrdef>
            <attrdefs>NM DOT</attrdefs>
            <attrdomv>
               <udom>Name of airport</udom>
            </attrdomv>
         </attr>
         <attr>
            <attrlabl>LONGITUD</attrlabl>
            <attrdef>Longitude of airport</attrdef>
            <attrdefs>NM DOT</attrdefs>
            <attrdomv>
               <udom>Longitude of airport</udom>
            </attrdomv>
         </attr>
         <attr>
            <attrlabl>LATITUDE</attrlabl>
            <attrdef>Latitude of airport</attrdef>
            <attrdefs>NM DOT</attrdefs>
            <attrdomv>
               <udom>Latitude of airport</udom>
            </attrdomv>
         </attr>
         <attr>
            <attrlabl>CITY</attrlabl>
            <attrdef>City location</attrdef>
            <attrdefs>NM DOT</attrdefs>
            <attrdomv>
               <udom>City location</udom>
            </attrdomv>
         </attr>
         <attr>
            <attrlabl>COUNTY</attrlabl>
            <attrdef>County location</attrdef>
            <attrdefs>NM DOT</attrdefs>
            <attrdomv>
               <udom>County location</udom>
            </attrdomv>
         </attr>
         <attr>
            <attrlabl>OWNER</attrlabl>
            <attrdef>Airport owner</attrdef>
            <attrdefs>NM DOT</attrdefs>
            <attrdomv>
               <udom>Airport owner</udom>
            </attrdomv>
         </attr>
         <attr>
            <attrlabl>ELEVATN</attrlabl>
            <attrdef>Elevation of airport</attrdef>
            <attrdefs>NM DOT</attrdefs>
            <attrdomv>
               <udom>Elevation of airport</udom>
            </attrdomv>
         </attr>
         <attr>
            <attrlabl>FACILITI</attrlabl>
            <attrdef>Facilities available</attrdef>
            <attrdefs>NM DOT</attrdefs>
            <attrdomv>
               <udom>Facilities available</udom>
            </attrdomv>
         </attr>
         <attr>
            <attrlabl>TRAFFPAT</attrlabl>
            <attrdef>Traffic Pattern altitude</attrdef>
            <attrdefs>NM DOT/ FAA</attrdefs>
            <attrdomv>
               <udom>Traffic Pattern altitude</udom>
            </attrdomv>
         </attr>
         <attr>
            <attrlabl>TELEPHON</attrlabl>
            <attrdef>Telephone Number</attrdef>
            <attrdefs>NM DOT</attrdefs>
            <attrdomv>
               <udom>Telephone Number</udom>
            </attrdomv>
         </attr>
         <attr>
            <attrlabl>NOTES</attrlabl>
            <attrdef>Notes, Comments</attrdef>
            <attrdefs>NM DOT</attrdefs>
            <attrdomv>
               <udom>Notes, Comments</udom>
            </attrdomv>
         </attr>
         <attr>
            <attrlabl>ABBREVTN</attrlabl>
            <attrdef>3-Letter Abbreviation</attrdef>
            <attrdefs>NM DOT / FAA</attrdefs>
            <attrdomv>
               <udom>3-Letter Abbreviation</udom>
            </attrdomv>
         </attr>
         <attr>
            <attrlabl>COMMUNCN</attrlabl>
            <attrdef>Communication Frequencies</attrdef>
            <attrdefs>NM DOT / FAA</attrdefs>
            <attrdomv>
               <udom>Communication Frequencies</udom>
            </attrdomv>
         </attr>
         <attr>
            <attrlabl>LANDINGL</attrlabl>
            <attrdef>Landing length of particular runways</attrdef>
            <attrdefs>NM DOT</attrdefs>
            <attrdomv>
               <udom>Landing length of particular runways</udom>
            </attrdomv>
         </attr>
      </detailed>
      <overview>
         <eaover>
				Name - Airport Name
				Longitude - Airport longitude
				Latitude - Airport latitude
				City - City where airport is located
				County - County where airport is located
				Owner - Owner of airport
				Elevatn - elevation of airport in feet
				Faciliti - facilities available at the airport
				A &amp; P - airport mechanic
				Gas - aviation fuel
				Jet - jet fuel
				Tran - Transportation
				PCL - Pilot Controlled Lighting
				Tel - Telephone
				Hgr - Hanger
				Traffpat - traffic pattern altitude
				Telephon - telephone number for airport
				Notes - cautions and notes about airport
				Abbrevtn - three letter abbreviation for airport
				Communcn - type of traffic advisory and observing system and frequencies
				CTAF - common Traffic Advisory Frequencies
				ASOS - automated surfacr observing system
				AWOS - automated weather observing system
				Landingl - Landing length of particular runways
			</eaover>
         <eadetcit>none</eadetcit>
      </overview>
   </eainfo>
   <distinfo>
      <distrib>
         <cntinfo>
            <cntorgp>
               <cntorg>Earth Data Analysis Center</cntorg>
            </cntorgp>
            <cntpos>Clearinghouse Manager</cntpos>
            <cntaddr>
               <addrtype>mailing and physical address</addrtype>
               <address>MSC01 1110</address>
               <address>1 University of New Mexico</address>
               <city>Albuquerque</city>
               <state>NM</state>
               <postal>87131-0001</postal>
               <country>USA</country>
            </cntaddr>
            <cntvoice>505-277-3622 ext. 230</cntvoice>
            <cntfax>505-277-3614</cntfax>
            <cntemail>clearinghouse@edac.unm.edu</cntemail>
            <hours>0800 - 1700 MT, M-F -7 hours GMT</hours>
         </cntinfo>
      </distrib>
      <resdesc>Downloadable Data</resdesc>
      <distliab>The material on this site is made available as a public service. Maps and data are to be used for reference purposes only and the Earth Data Analysis Center (EDAC), Resource Geographic Information System (RGIS) and The University of New Mexico are not responsible for any inaccuracies herein contained. No responsibility is assumed for damages or other liabilities due to the accuracy, availability, use or misuse of the information herein provided. Unless otherwise indicated in the documentation (metadata) for individual data sets, information on this site is public domain and may be copied without permission; citation of the source is appreciated.</distliab>
      <stdorder>
         <digform>
            <digtinfo>
               <formname>ZIP</formname>
               <transize>1</transize>
            </digtinfo>
            <digtopt>
               <onlinopt>
                  <computer>
                     <networka>
                        <networkr>https://gstore.unm.edu/apps/rgisarchive/datasets/7387537d-dff6-48d1-9004-4f089f48dea1/tra2shp.original.zip</networkr>
                     </networka>
                  </computer>
                  <accinstr>Download from Resource Geographic Information System (RGIS) at http://rgis.unm.edu.</accinstr>
               </onlinopt>
            </digtopt>
         </digform>
         <fees>None. The files are available to download from Resource Geographic Information System (RGIS) (http://rgis.unm.edu).</fees>
         <ordering>Contact Earth Data Analysis Center at clearinghouse@edac.unm.edu</ordering>
      </stdorder>
      <stdorder>
         <digform>
            <digtinfo>
               <formname>ESRI Shapefile (shp)</formname>
               <transize>5</transize>
            </digtinfo>
            <digtopt>
               <onlinopt>
                  <computer>
                     <networka>
                        <networkr>https://gstore.unm.edu/apps/rgisarchive/datasets/7387537d-dff6-48d1-9004-4f089f48dea1/tra2shp.derived.shp</networkr>
                     </networka>
                  </computer>
                  <accinstr>Download from Resource Geographic Information System (RGIS) at http://rgis.unm.edu.</accinstr>
               </onlinopt>
            </digtopt>
         </digform>
         <fees>None. The files are available to download from Resource Geographic Information System (RGIS) (http://rgis.unm.edu).</fees>
         <ordering>Contact Earth Data Analysis Center at clearinghouse@edac.unm.edu</ordering>
      </stdorder>
      <stdorder>
         <digform>
            <digtinfo>
               <formname>GML</formname>
               <transize>5</transize>
            </digtinfo>
            <digtopt>
               <onlinopt>
                  <computer>
                     <networka>
                        <networkr>https://gstore.unm.edu/apps/rgisarchive/datasets/7387537d-dff6-48d1-9004-4f089f48dea1/tra2shp.derived.gml</networkr>
                     </networka>
                  </computer>
                  <accinstr>Download from Resource Geographic Information System (RGIS) at http://rgis.unm.edu.</accinstr>
               </onlinopt>
            </digtopt>
         </digform>
         <fees>None. The files are available to download from Resource Geographic Information System (RGIS) (http://rgis.unm.edu).</fees>
         <ordering>Contact Earth Data Analysis Center at clearinghouse@edac.unm.edu</ordering>
      </stdorder>
      <stdorder>
         <digform>
            <digtinfo>
               <formname>KML</formname>
               <transize>5</transize>
            </digtinfo>
            <digtopt>
               <onlinopt>
                  <computer>
                     <networka>
                        <networkr>https://gstore.unm.edu/apps/rgisarchive/datasets/7387537d-dff6-48d1-9004-4f089f48dea1/tra2shp.derived.kml</networkr>
                     </networka>
                  </computer>
                  <accinstr>Download from Resource Geographic Information System (RGIS) at http://rgis.unm.edu.</accinstr>
               </onlinopt>
            </digtopt>
         </digform>
         <fees>None. The files are available to download from Resource Geographic Information System (RGIS) (http://rgis.unm.edu).</fees>
         <ordering>Contact Earth Data Analysis Center at clearinghouse@edac.unm.edu</ordering>
      </stdorder>
      <stdorder>
         <digform>
            <digtinfo>
               <formname>GeoJSON</formname>
               <transize>5</transize>
            </digtinfo>
            <digtopt>
               <onlinopt>
                  <computer>
                     <networka>
                        <networkr>https://gstore.unm.edu/apps/rgisarchive/datasets/7387537d-dff6-48d1-9004-4f089f48dea1/tra2shp.derived.geojson</networkr>
                     </networka>
                  </computer>
                  <accinstr>Download from Resource Geographic Information System (RGIS) at http://rgis.unm.edu.</accinstr>
               </onlinopt>
            </digtopt>
         </digform>
         <fees>None. The files are available to download from Resource Geographic Information System (RGIS) (http://rgis.unm.edu).</fees>
         <ordering>Contact Earth Data Analysis Center at clearinghouse@edac.unm.edu</ordering>
      </stdorder>
      <stdorder>
         <digform>
            <digtinfo>
               <formname>JSON</formname>
               <transize>5</transize>
            </digtinfo>
            <digtopt>
               <onlinopt>
                  <computer>
                     <networka>
                        <networkr>https://gstore.unm.edu/apps/rgisarchive/datasets/7387537d-dff6-48d1-9004-4f089f48dea1/tra2shp.derived.json</networkr>
                     </networka>
                  </computer>
                  <accinstr>Download from Resource Geographic Information System (RGIS) at http://rgis.unm.edu.</accinstr>
               </onlinopt>
            </digtopt>
         </digform>
         <fees>None. The files are available to download from Resource Geographic Information System (RGIS) (http://rgis.unm.edu).</fees>
         <ordering>Contact Earth Data Analysis Center at clearinghouse@edac.unm.edu</ordering>
      </stdorder>
      <stdorder>
         <digform>
            <digtinfo>
               <formname>Comma Separated Values (csv)</formname>
               <transize>5</transize>
            </digtinfo>
            <digtopt>
               <onlinopt>
                  <computer>
                     <networka>
                        <networkr>https://gstore.unm.edu/apps/rgisarchive/datasets/7387537d-dff6-48d1-9004-4f089f48dea1/tra2shp.derived.csv</networkr>
                     </networka>
                  </computer>
                  <accinstr>Download from Resource Geographic Information System (RGIS) at http://rgis.unm.edu.</accinstr>
               </onlinopt>
            </digtopt>
         </digform>
         <fees>None. The files are available to download from Resource Geographic Information System (RGIS) (http://rgis.unm.edu).</fees>
         <ordering>Contact Earth Data Analysis Center at clearinghouse@edac.unm.edu</ordering>
      </stdorder>
      <stdorder>
         <digform>
            <digtinfo>
               <formname>MS Excel format (xls)</formname>
               <transize>5</transize>
            </digtinfo>
            <digtopt>
               <onlinopt>
                  <computer>
                     <networka>
                        <networkr>https://gstore.unm.edu/apps/rgisarchive/datasets/7387537d-dff6-48d1-9004-4f089f48dea1/tra2shp.derived.xls</networkr>
                     </networka>
                  </computer>
                  <accinstr>Download from Resource Geographic Information System (RGIS) at http://rgis.unm.edu.</accinstr>
               </onlinopt>
            </digtopt>
         </digform>
         <fees>None. The files are available to download from Resource Geographic Information System (RGIS) (http://rgis.unm.edu).</fees>
         <ordering>Contact Earth Data Analysis Center at clearinghouse@edac.unm.edu</ordering>
      </stdorder>
      <custom>Contact Earth Data Analysis Center at clearinghouse@edac.unm.edu</custom>
      <techpreq>Adequate computer capability is the only technical prerequisite for viewing data in digital form.</techpreq>
   </distinfo>
   <metainfo>
      <metd>20220519</metd>
      <metc>
         <cntinfo>
            <cntorgp>
               <cntorg>Earth Data Analysis Center</cntorg>
            </cntorgp>
            <cntpos>Clearinghouse Manager</cntpos>
            <cntaddr>
               <addrtype>mailing and physical address</addrtype>
               <address>MSC01 1110</address>
               <address>1 University of New Mexico</address>
               <city>Albuquerque</city>
               <state>NM</state>
               <postal>87131-0001</postal>
               <country>USA</country>
            </cntaddr>
            <cntvoice>505-277-3622 ext. 230</cntvoice>
            <cntfax>505-277-3614</cntfax>
            <cntemail>clearinghouse@edac.unm.edu</cntemail>
            <hours>0800 - 1700 MT, M-F -7 hours GMT</hours>
         </cntinfo>
      </metc>
      <metstdn>FGDC Content Standards for Digital Geospatial Metadata</metstdn>
      <metstdv>FGDC-STD-001-1998</metstdv>
      <mettc>local time</mettc>
   </metainfo>
</metadata>